user_id,city,device_type,signup_date,Signup,Browse,Add_to_Cart,Payment,Order_Placed,Delivered,delivery_time_min,order_value
1,Delhi,Android,2025-07-01 00:00:00,1,1,0,0,0,0,,
2,Mumbai,Android,2025-07-01 01:00:00,1,1,1,1,1,1,23.184229002325594,430.5593834995176
3,Hyderabad,Android,2025-07-01 02:00:00,1,1,1,1,0,0,,
4,Delhi,iOS,2025-07-01 03:00:00,0,0,0,0,0,0,,
5,Delhi,Android,2025-07-01 04:00:00,0,0,0,0,0,0,,
6,Mumbai,Android,2025-07-01 05:00:00,1,1,1,1,0,0,,
7,Hyderabad,iOS,2025-07-01 06:00:00,1,1,0,0,0,0,,
8,Hyderabad,iOS,2025-07-01 07:00:00,1,1,1,1,1,1,33.19117095492101,316.59118412246653
9,Delhi,iOS,2025-07-01 08:00:00,1,1,1,1,1,0,,
10,Bangalore,iOS,2025-07-01 09:00:00,0,0,0,0,0,0,,
11,Delhi,Android,2025-07-01 10:00:00,1,0,0,0,0,0,,
12,Delhi,Android,2025-07-01 11:00:00,1,1,0,0,0,0,,
13,Delhi,iOS,2025-07-01 12:00:00,1,1,1,1,1,1,41.54048077701772,424.9013955074131
14,Delhi,iOS,2025-07-01 13:00:00,0,0,0,0,0,0,,
15,Mumbai,Android,2025-07-01 14:00:00,1,1,1,1,1,1,40.66592571751668,276.51962927896415
16,Hyderabad,Android,2025-07-01 15:00:00,1,1,1,1,1,1,20.0,184.33074804404097
17,Mumbai,Android,2025-07-01 16:00:00,1,1,1,1,1,1,42.562218360819784,317.48372675783753
18,Mumbai,iOS,2025-07-01 17:00:00,0,0,0,0,0,0,,
19,Mumbai,iOS,2025-07-01 18:00:00,1,1,1,0,0,0,,
20,Delhi,Android,2025-07-01 19:00:00,1,1,1,0,0,0,,
21,Bangalore,Android,2025-07-01 20:00:00,0,0,0,0,0,0,,
22,Hyderabad,Android,2025-07-01 21:00:00,1,1,1,1,1,1,51.049419222309716,267.04924411179826
23,Bangalore,iOS,2025-07-01 22:00:00,1,1,0,0,0,0,,
24,Mumbai,iOS,2025-07-01 23:00:00,1,1,1,1,1,1,34.85051469372856,416.6872345075791
25,Mumbai,iOS,2025-07-02 00:00:00,0,0,0,0,0,0,,
26,Bangalore,Android,2025-07-02 01:00:00,0,0,0,0,0,0,,
27,Bangalore,Android,2025-07-02 02:00:00,1,1,1,0,0,0,,
28,Bangalore,Android,2025-07-02 03:00:00,0,0,0,0,0,0,,
29,Mumbai,Android,2025-07-02 04:00:00,1,0,0,0,0,0,,
30,Mumbai,iOS,2025-07-02 05:00:00,1,1,1,0,0,0,,
31,Hyderabad,iOS,2025-07-02 06:00:00,1,0,0,0,0,0,,
32,Hyderabad,iOS,2025-07-02 07:00:00,1,1,1,1,1,1,52.6248989487695,304.93209835022674
33,Mumbai,iOS,2025-07-02 08:00:00,1,1,1,1,1,1,21.38049865125953,305.5330932301095
34,Bangalore,Android,2025-07-02 09:00:00,1,1,0,0,0,0,,
35,Bangalore,iOS,2025-07-02 10:00:00,1,1,0,0,0,0,,
36,Hyderabad,iOS,2025-07-02 11:00:00,1,1,1,0,0,0,,
37,Mumbai,iOS,2025-07-02 12:00:00,1,1,1,1,1,1,30.48730606861698,307.51009107971936
38,Hyderabad,Android,2025-07-02 13:00:00,1,1,0,0,0,0,,
39,Hyderabad,Android,2025-07-02 14:00:00,1,1,1,1,1,1,36.07057998193596,369.1631962067389
40,Delhi,Android,2025-07-02 15:00:00,0,0,0,0,0,0,,
41,Delhi,iOS,2025-07-02 16:00:00,1,0,0,0,0,0,,
42,Delhi,Android,2025-07-02 17:00:00,1,1,1,0,0,0,,
43,Bangalore,Android,2025-07-02 18:00:00,1,1,1,0,0,0,,
44,Mumbai,Android,2025-07-02 19:00:00,1,1,1,1,1,1,35.123260257210006,448.99490399685425
45,Mumbai,Android,2025-07-02 20:00:00,1,1,1,1,1,1,44.59780584050313,227.78239348489876
46,Mumbai,Android,2025-07-02 21:00:00,1,0,0,0,0,0,,
47,Mumbai,Android,2025-07-02 22:00:00,1,1,1,1,1,1,26.708148666551175,346.0763526301256
48,Delhi,Android,2025-07-02 23:00:00,1,0,0,0,0,0,,
49,Bangalore,Android,2025-07-03 00:00:00,1,0,0,0,0,0,,
50,Bangalore,iOS,2025-07-03 01:00:00,1,1,1,1,1,0,,
51,Delhi,Android,2025-07-03 02:00:00,1,1,1,1,1,0,,
52,Bangalore,iOS,2025-07-03 03:00:00,1,1,0,0,0,0,,
53,Delhi,Android,2025-07-03 04:00:00,1,0,0,0,0,0,,
54,Mumbai,Android,2025-07-03 05:00:00,0,0,0,0,0,0,,
55,Delhi,iOS,2025-07-03 06:00:00,0,0,0,0,0,0,,
56,Mumbai,Android,2025-07-03 07:00:00,1,1,1,1,1,1,59.3438852790853,415.02223934069434
57,Mumbai,Android,2025-07-03 08:00:00,1,0,0,0,0,0,,
58,Hyderabad,Android,2025-07-03 09:00:00,1,1,1,1,0,0,,
59,Delhi,iOS,2025-07-03 10:00:00,0,0,0,0,0,0,,
60,Hyderabad,Android,2025-07-03 11:00:00,1,1,0,0,0,0,,
61,Delhi,iOS,2025-07-03 12:00:00,1,0,0,0,0,0,,
62,Delhi,Android,2025-07-03 13:00:00,1,1,1,0,0,0,,
63,Hyderabad,Android,2025-07-03 14:00:00,0,0,0,0,0,0,,
64,Hyderabad,Android,2025-07-03 15:00:00,1,0,0,0,0,0,,
65,Delhi,Android,2025-07-03 16:00:00,1,0,0,0,0,0,,
66,Bangalore,Android,2025-07-03 17:00:00,1,1,1,1,1,1,41.825292803974385,459.0966674519419
67,Mumbai,Android,2025-07-03 18:00:00,1,1,0,0,0,0,,
68,Hyderabad,Android,2025-07-03 19:00:00,1,1,0,0,0,0,,
69,Mumbai,iOS,2025-07-03 20:00:00,1,1,1,1,1,0,,
70,Bangalore,Android,2025-07-03 21:00:00,1,1,0,0,0,0,,
71,Bangalore,Android,2025-07-03 22:00:00,1,1,0,0,0,0,,
72,Bangalore,iOS,2025-07-03 23:00:00,1,1,0,0,0,0,,
73,Hyderabad,Android,2025-07-04 00:00:00,1,1,1,1,1,0,,
74,Bangalore,Android,2025-07-04 01:00:00,1,1,1,0,0,0,,
75,Hyderabad,iOS,2025-07-04 02:00:00,1,0,0,0,0,0,,
76,Bangalore,iOS,2025-07-04 03:00:00,1,1,1,1,1,1,41.493562014657854,287.8230647166799
77,Mumbai,Android,2025-07-04 04:00:00,1,1,1,1,1,1,37.9477161744419,269.80907955500425
78,Mumbai,iOS,2025-07-04 05:00:00,1,1,1,0,0,0,,
79,Delhi,Android,2025-07-04 06:00:00,1,1,1,1,1,1,22.95131398269384,327.19719702151207
80,Mumbai,Android,2025-07-04 07:00:00,1,0,0,0,0,0,,
81,Delhi,Android,2025-07-04 08:00:00,1,0,0,0,0,0,,
82,Mumbai,iOS,2025-07-04 09:00:00,1,1,1,0,0,0,,
83,Hyderabad,Android,2025-07-04 10:00:00,0,0,0,0,0,0,,
84,Mumbai,Android,2025-07-04 11:00:00,1,0,0,0,0,0,,
85,Delhi,Android,2025-07-04 12:00:00,0,0,0,0,0,0,,
86,Delhi,Android,2025-07-04 13:00:00,0,0,0,0,0,0,,
87,Bangalore,Android,2025-07-04 14:00:00,1,1,1,1,1,1,36.79537450240356,376.39031172187583
88,Hyderabad,Android,2025-07-04 15:00:00,1,0,0,0,0,0,,
89,Mumbai,Android,2025-07-04 16:00:00,0,0,0,0,0,0,,
90,Bangalore,Android,2025-07-04 17:00:00,0,0,0,0,0,0,,
91,Mumbai,Android,2025-07-04 18:00:00,1,1,1,0,0,0,,
92,Mumbai,Android,2025-07-04 19:00:00,0,0,0,0,0,0,,
93,Bangalore,Android,2025-07-04 20:00:00,1,1,1,1,1,1,59.883339935805964,360.52597010233336
94,Bangalore,Android,2025-07-04 21:00:00,0,0,0,0,0,0,,
95,Bangalore,iOS,2025-07-04 22:00:00,1,1,1,1,0,0,,
96,Bangalore,Android,2025-07-04 23:00:00,1,1,1,1,1,1,36.646000796211716,356.11564599357115
97,Bangalore,Android,2025-07-05 00:00:00,1,1,1,0,0,0,,
98,Mumbai,Android,2025-07-05 01:00:00,1,1,1,1,1,1,39.594493844177656,310.58442288152025
99,Bangalore,Android,2025-07-05 02:00:00,1,1,1,0,0,0,,
100,Hyderabad,Android,2025-07-05 03:00:00,0,0,0,0,0,0,,
101,Delhi,Android,2025-07-05 04:00:00,1,1,1,1,1,1,41.50288631576774,265.5671551210496
102,Bangalore,Android,2025-07-05 05:00:00,1,1,1,1,1,1,59.31940374759089,414.2372591641568
103,Bangalore,Android,2025-07-05 06:00:00,1,1,0,0,0,0,,
104,Mumbai,Android,2025-07-05 07:00:00,1,1,1,0,0,0,,
105,Bangalore,Android,2025-07-05 08:00:00,0,0,0,0,0,0,,
106,Bangalore,Android,2025-07-05 09:00:00,0,0,0,0,0,0,,
107,Bangalore,Android,2025-07-05 10:00:00,1,1,1,1,1,1,31.48836859750294,309.39993360915076
108,Mumbai,Android,2025-07-05 11:00:00,1,1,1,1,1,1,20.8978807121353,100.0
109,Bangalore,Android,2025-07-05 12:00:00,1,1,1,0,0,0,,
110,Delhi,Android,2025-07-05 13:00:00,1,0,0,0,0,0,,
111,Mumbai,Android,2025-07-05 14:00:00,1,1,1,0,0,0,,
112,Delhi,iOS,2025-07-05 15:00:00,1,1,1,1,1,1,53.66238989965733,302.67238478217564
113,Mumbai,Android,2025-07-05 16:00:00,0,0,0,0,0,0,,
114,Bangalore,Android,2025-07-05 17:00:00,1,1,1,0,0,0,,
115,Delhi,iOS,2025-07-05 18:00:00,1,0,0,0,0,0,,
116,Mumbai,iOS,2025-07-05 19:00:00,1,1,1,1,1,0,,
117,Hyderabad,Android,2025-07-05 20:00:00,1,1,1,1,1,1,22.829380515579512,389.85640658920073
118,Bangalore,Android,2025-07-05 21:00:00,1,1,1,1,1,0,,
119,Mumbai,iOS,2025-07-05 22:00:00,1,1,1,0,0,0,,
120,Hyderabad,iOS,2025-07-05 23:00:00,1,1,1,0,0,0,,
121,Mumbai,Android,2025-07-06 00:00:00,1,1,1,1,1,1,40.718809357188746,417.6478668773041
122,Hyderabad,Android,2025-07-06 01:00:00,1,1,1,0,0,0,,
123,Bangalore,Android,2025-07-06 02:00:00,0,0,0,0,0,0,,
124,Delhi,Android,2025-07-06 03:00:00,1,1,1,1,1,1,41.987945883388534,366.78132446757894
125,Hyderabad,Android,2025-07-06 04:00:00,0,0,0,0,0,0,,
126,Mumbai,Android,2025-07-06 05:00:00,1,1,0,0,0,0,,
127,Bangalore,Android,2025-07-06 06:00:00,1,1,1,1,1,1,32.428731531839496,347.3248754425862
128,Hyderabad,iOS,2025-07-06 07:00:00,1,1,1,0,0,0,,
129,Mumbai,Android,2025-07-06 08:00:00,1,1,1,1,1,0,,
130,Mumbai,Android,2025-07-06 09:00:00,1,1,0,0,0,0,,
131,Mumbai,iOS,2025-07-06 10:00:00,0,0,0,0,0,0,,
132,Hyderabad,iOS,2025-07-06 11:00:00,1,1,1,1,1,1,45.46273609557666,330.3219051123017
133,Hyderabad,Android,2025-07-06 12:00:00,1,1,1,0,0,0,,
134,Hyderabad,Android,2025-07-06 13:00:00,1,1,1,0,0,0,,
135,Delhi,Android,2025-07-06 14:00:00,0,0,0,0,0,0,,
136,Hyderabad,Android,2025-07-06 15:00:00,1,1,1,1,1,0,,
137,Hyderabad,Android,2025-07-06 16:00:00,1,0,0,0,0,0,,
138,Hyderabad,Android,2025-07-06 17:00:00,1,1,1,0,0,0,,
139,Delhi,Android,2025-07-06 18:00:00,0,0,0,0,0,0,,
140,Hyderabad,Android,2025-07-06 19:00:00,1,1,1,1,1,1,30.999457673357504,299.65376560989415
141,Mumbai,Android,2025-07-06 20:00:00,1,1,1,0,0,0,,
142,Hyderabad,Android,2025-07-06 21:00:00,1,0,0,0,0,0,,
143,Mumbai,Android,2025-07-06 22:00:00,0,0,0,0,0,0,,
144,Mumbai,Android,2025-07-06 23:00:00,1,0,0,0,0,0,,
145,Mumbai,Android,2025-07-07 00:00:00,1,1,1,1,0,0,,
146,Delhi,iOS,2025-07-07 01:00:00,1,1,1,1,0,0,,
147,Delhi,Android,2025-07-07 02:00:00,1,1,1,1,1,1,26.79074693936699,396.1230493586657
148,Delhi,Android,2025-07-07 03:00:00,0,0,0,0,0,0,,
149,Hyderabad,iOS,2025-07-07 04:00:00,1,1,1,1,1,0,,
150,Mumbai,Android,2025-07-07 05:00:00,0,0,0,0,0,0,,
151,Delhi,Android,2025-07-07 06:00:00,1,1,1,1,1,0,,
152,Delhi,Android,2025-07-07 07:00:00,1,1,0,0,0,0,,
153,Hyderabad,Android,2025-07-07 08:00:00,1,1,0,0,0,0,,
154,Delhi,iOS,2025-07-07 09:00:00,1,1,0,0,0,0,,
155,Hyderabad,Android,2025-07-07 10:00:00,1,1,1,1,1,1,42.62214732236855,289.493321188526
156,Bangalore,Android,2025-07-07 11:00:00,1,0,0,0,0,0,,
157,Delhi,Android,2025-07-07 12:00:00,1,1,1,0,0,0,,
158,Bangalore,Android,2025-07-07 13:00:00,1,1,1,0,0,0,,
159,Hyderabad,Android,2025-07-07 14:00:00,1,1,1,1,1,1,31.757164423212483,386.09860825370816
160,Mumbai,Android,2025-07-07 15:00:00,1,1,1,1,1,0,,
161,Delhi,Android,2025-07-07 16:00:00,0,0,0,0,0,0,,
162,Hyderabad,iOS,2025-07-07 17:00:00,1,1,1,1,0,0,,
163,Mumbai,Android,2025-07-07 18:00:00,1,1,1,1,1,1,35.575770107564296,401.46715543882294
164,Mumbai,Android,2025-07-07 19:00:00,1,1,1,1,1,1,36.58825419329989,312.31623205034396
165,Bangalore,Android,2025-07-07 20:00:00,1,1,1,0,0,0,,
166,Hyderabad,Android,2025-07-07 21:00:00,1,1,1,1,1,1,28.79816561312795,240.68924393998785
167,Mumbai,Android,2025-07-07 22:00:00,1,0,0,0,0,0,,
168,Delhi,Android,2025-07-07 23:00:00,1,0,0,0,0,0,,
169,Delhi,Android,2025-07-08 00:00:00,1,1,0,0,0,0,,
170,Bangalore,Android,2025-07-08 01:00:00,1,1,0,0,0,0,,
171,Mumbai,Android,2025-07-08 02:00:00,1,1,1,1,1,1,32.54676516292909,377.69945204271255
172,Hyderabad,iOS,2025-07-08 03:00:00,1,1,0,0,0,0,,
173,Delhi,Android,2025-07-08 04:00:00,1,1,0,0,0,0,,
174,Mumbai,Android,2025-07-08 05:00:00,0,0,0,0,0,0,,
175,Mumbai,Android,2025-07-08 06:00:00,1,1,1,1,0,0,,
176,Bangalore,iOS,2025-07-08 07:00:00,1,0,0,0,0,0,,
177,Delhi,Android,2025-07-08 08:00:00,1,1,1,1,1,1,42.9364877386307,409.8330173807854
178,Delhi,Android,2025-07-08 09:00:00,1,1,1,1,1,1,39.32770437849013,177.50831040581903
179,Hyderabad,iOS,2025-07-08 10:00:00,0,0,0,0,0,0,,
180,Delhi,iOS,2025-07-08 11:00:00,1,1,0,0,0,0,,
181,Hyderabad,iOS,2025-07-08 12:00:00,1,0,0,0,0,0,,
182,Delhi,Android,2025-07-08 13:00:00,1,1,1,1,1,1,40.32707756268768,163.19981133292563
183,Bangalore,Android,2025-07-08 14:00:00,1,1,1,1,0,0,,
184,Delhi,Android,2025-07-08 15:00:00,1,1,1,0,0,0,,
185,Hyderabad,iOS,2025-07-08 16:00:00,0,0,0,0,0,0,,
186,Hyderabad,Android,2025-07-08 17:00:00,1,1,1,1,1,1,29.547856376792897,251.95304650781023
187,Bangalore,Android,2025-07-08 18:00:00,1,1,1,0,0,0,,
188,Delhi,Android,2025-07-08 19:00:00,1,1,1,1,1,1,38.31034793337489,375.7574970889195
189,Delhi,iOS,2025-07-08 20:00:00,1,1,1,1,1,0,,
190,Bangalore,Android,2025-07-08 21:00:00,1,1,1,1,1,1,30.838584834186566,333.01803144768417
191,Delhi,Android,2025-07-08 22:00:00,0,0,0,0,0,0,,
192,Delhi,Android,2025-07-08 23:00:00,1,0,0,0,0,0,,
193,Hyderabad,Android,2025-07-09 00:00:00,1,1,1,1,1,1,49.37066875102031,447.3846257259819
194,Delhi,Android,2025-07-09 01:00:00,1,1,0,0,0,0,,
195,Delhi,Android,2025-07-09 02:00:00,1,1,1,1,1,1,35.34304759881164,540.7297836426553
196,Bangalore,Android,2025-07-09 03:00:00,0,0,0,0,0,0,,
197,Bangalore,Android,2025-07-09 04:00:00,1,1,0,0,0,0,,
198,Mumbai,Android,2025-07-09 05:00:00,1,0,0,0,0,0,,
199,Hyderabad,Android,2025-07-09 06:00:00,1,1,1,1,1,1,50.83920966535608,331.9819168627131
200,Delhi,Android,2025-07-09 07:00:00,0,0,0,0,0,0,,
201,Delhi,Android,2025-07-09 08:00:00,1,1,1,1,1,0,,
202,Mumbai,Android,2025-07-09 09:00:00,0,0,0,0,0,0,,
203,Delhi,Android,2025-07-09 10:00:00,1,1,0,0,0,0,,
204,Hyderabad,Android,2025-07-09 11:00:00,1,1,1,1,0,0,,
205,Mumbai,Android,2025-07-09 12:00:00,1,1,0,0,0,0,,
206,Hyderabad,iOS,2025-07-09 13:00:00,0,0,0,0,0,0,,
207,Mumbai,Android,2025-07-09 14:00:00,1,1,1,1,1,1,41.702020494933656,342.8416528397503
208,Mumbai,iOS,2025-07-09 15:00:00,1,1,1,1,1,1,49.55323802124256,463.1578451539524
209,Bangalore,Android,2025-07-09 16:00:00,1,1,1,1,1,1,43.24258796035197,189.04790169190207
210,Hyderabad,Android,2025-07-09 17:00:00,1,0,0,0,0,0,,
211,Delhi,iOS,2025-07-09 18:00:00,1,1,1,1,1,1,20.34071005853022,168.44583704746637
212,Delhi,Android,2025-07-09 19:00:00,1,1,0,0,0,0,,
213,Hyderabad,Android,2025-07-09 20:00:00,1,1,1,0,0,0,,
214,Delhi,Android,2025-07-09 21:00:00,0,0,0,0,0,0,,
215,Delhi,Android,2025-07-09 22:00:00,1,1,1,1,0,0,,
216,Hyderabad,iOS,2025-07-09 23:00:00,1,1,1,1,0,0,,
217,Mumbai,iOS,2025-07-10 00:00:00,0,0,0,0,0,0,,
218,Hyderabad,iOS,2025-07-10 01:00:00,1,0,0,0,0,0,,
219,Mumbai,Android,2025-07-10 02:00:00,0,0,0,0,0,0,,
220,Delhi,iOS,2025-07-10 03:00:00,1,1,1,1,1,1,43.17908384095675,283.1123965556987
221,Delhi,iOS,2025-07-10 04:00:00,1,0,0,0,0,0,,
222,Delhi,Android,2025-07-10 05:00:00,1,0,0,0,0,0,,
223,Bangalore,Android,2025-07-10 06:00:00,1,1,1,1,1,1,35.89873754815244,275.52430447601625
224,Mumbai,iOS,2025-07-10 07:00:00,0,0,0,0,0,0,,
225,Bangalore,Android,2025-07-10 08:00:00,1,1,1,1,1,1,50.351289161767326,383.653838187098
226,Bangalore,iOS,2025-07-10 09:00:00,1,1,1,1,1,0,,
227,Hyderabad,Android,2025-07-10 10:00:00,1,0,0,0,0,0,,
228,Bangalore,iOS,2025-07-10 11:00:00,1,0,0,0,0,0,,
229,Hyderabad,Android,2025-07-10 12:00:00,1,1,0,0,0,0,,
230,Hyderabad,Android,2025-07-10 13:00:00,1,1,1,0,0,0,,
231,Bangalore,Android,2025-07-10 14:00:00,1,1,0,0,0,0,,
232,Mumbai,iOS,2025-07-10 15:00:00,0,0,0,0,0,0,,
233,Mumbai,Android,2025-07-10 16:00:00,1,1,1,1,1,1,38.75020269685785,334.1429907653781
234,Mumbai,Android,2025-07-10 17:00:00,0,0,0,0,0,0,,
235,Mumbai,Android,2025-07-10 18:00:00,1,1,1,1,1,0,,
236,Mumbai,iOS,2025-07-10 19:00:00,1,0,0,0,0,0,,
237,Bangalore,Android,2025-07-10 20:00:00,1,0,0,0,0,0,,
238,Bangalore,iOS,2025-07-10 21:00:00,0,0,0,0,0,0,,
239,Delhi,Android,2025-07-10 22:00:00,1,1,1,1,0,0,,
240,Mumbai,Android,2025-07-10 23:00:00,0,0,0,0,0,0,,
241,Bangalore,Android,2025-07-11 00:00:00,1,1,1,1,1,1,40.787777278663334,477.49773820208185
242,Delhi,Android,2025-07-11 01:00:00,1,1,1,1,1,1,50.53920911406453,369.7749135538069
243,Mumbai,iOS,2025-07-11 02:00:00,1,1,1,1,1,1,30.304964941540106,267.08908193659545
244,Hyderabad,Android,2025-07-11 03:00:00,1,1,1,1,1,1,39.19294347782873,189.52450120890313
245,Delhi,Android,2025-07-11 04:00:00,0,0,0,0,0,0,,
246,Bangalore,iOS,2025-07-11 05:00:00,1,0,0,0,0,0,,
247,Hyderabad,Android,2025-07-11 06:00:00,1,1,0,0,0,0,,
248,Hyderabad,Android,2025-07-11 07:00:00,0,0,0,0,0,0,,
249,Hyderabad,iOS,2025-07-11 08:00:00,1,1,1,0,0,0,,
250,Delhi,Android,2025-07-11 09:00:00,1,1,1,1,1,1,33.83169122877729,354.1773657364912
251,Bangalore,Android,2025-07-11 10:00:00,1,1,1,0,0,0,,
252,Hyderabad,iOS,2025-07-11 11:00:00,1,0,0,0,0,0,,
253,Mumbai,Android,2025-07-11 12:00:00,1,1,1,0,0,0,,
254,Hyderabad,Android,2025-07-11 13:00:00,0,0,0,0,0,0,,
255,Hyderabad,Android,2025-07-11 14:00:00,1,0,0,0,0,0,,
256,Delhi,iOS,2025-07-11 15:00:00,0,0,0,0,0,0,,
257,Delhi,Android,2025-07-11 16:00:00,1,1,1,1,0,0,,
258,Bangalore,Android,2025-07-11 17:00:00,1,1,1,1,1,1,49.469284683570564,268.5281818765868
259,Mumbai,iOS,2025-07-11 18:00:00,1,1,1,1,1,1,26.028476934518483,457.1965367599127
260,Delhi,iOS,2025-07-11 19:00:00,0,0,0,0,0,0,,
261,Hyderabad,Android,2025-07-11 20:00:00,1,1,1,1,1,1,43.20876511184577,338.8509212874888
262,Bangalore,Android,2025-07-11 21:00:00,1,0,0,0,0,0,,
263,Hyderabad,Android,2025-07-11 22:00:00,0,0,0,0,0,0,,
264,Hyderabad,iOS,2025-07-11 23:00:00,1,1,1,1,1,1,45.11326644162355,299.52805898128844
265,Delhi,Android,2025-07-12 00:00:00,0,0,0,0,0,0,,
266,Bangalore,Android,2025-07-12 01:00:00,1,1,1,1,1,1,53.21061738353467,535.3410797899828
267,Mumbai,iOS,2025-07-12 02:00:00,1,1,1,1,1,0,,
268,Mumbai,iOS,2025-07-12 03:00:00,1,1,1,1,1,1,31.282293119584228,351.90816277797677
269,Delhi,Android,2025-07-12 04:00:00,1,1,0,0,0,0,,
270,Delhi,iOS,2025-07-12 05:00:00,1,0,0,0,0,0,,
271,Bangalore,Android,2025-07-12 06:00:00,1,1,1,1,0,0,,
272,Mumbai,iOS,2025-07-12 07:00:00,1,1,1,1,1,1,35.436135386625246,242.68214905245304
273,Mumbai,Android,2025-07-12 08:00:00,1,1,1,1,1,1,36.270594795698635,418.66281919461596
274,Mumbai,Android,2025-07-12 09:00:00,1,1,1,1,1,1,58.483506292674264,334.88477133765696
275,Hyderabad,iOS,2025-07-12 10:00:00,1,1,1,0,0,0,,
276,Mumbai,Android,2025-07-12 11:00:00,1,1,1,1,0,0,,
277,Hyderabad,Android,2025-07-12 12:00:00,1,1,1,1,1,0,,
278,Bangalore,iOS,2025-07-12 13:00:00,1,1,1,1,0,0,,
279,Hyderabad,iOS,2025-07-12 14:00:00,1,1,1,1,1,1,26.104008365664345,242.17818298836994
280,Bangalore,Android,2025-07-12 15:00:00,0,0,0,0,0,0,,
281,Mumbai,Android,2025-07-12 16:00:00,1,1,1,1,0,0,,
282,Mumbai,Android,2025-07-12 17:00:00,1,1,1,0,0,0,,
283,Bangalore,Android,2025-07-12 18:00:00,1,1,1,1,1,1,39.31860886212644,567.7052647488376
284,Delhi,Android,2025-07-12 19:00:00,0,0,0,0,0,0,,
285,Bangalore,Android,2025-07-12 20:00:00,1,0,0,0,0,0,,
286,Delhi,iOS,2025-07-12 21:00:00,1,1,0,0,0,0,,
287,Hyderabad,Android,2025-07-12 22:00:00,1,0,0,0,0,0,,
288,Hyderabad,Android,2025-07-12 23:00:00,1,1,0,0,0,0,,
289,Hyderabad,Android,2025-07-13 00:00:00,1,1,1,0,0,0,,
290,Mumbai,iOS,2025-07-13 01:00:00,1,1,1,0,0,0,,
291,Hyderabad,Android,2025-07-13 02:00:00,0,0,0,0,0,0,,
292,Delhi,Android,2025-07-13 03:00:00,1,1,1,1,1,1,36.254677406127165,268.75348163179547
293,Hyderabad,Android,2025-07-13 04:00:00,1,1,1,1,1,1,36.78015633540748,264.2261119213
294,Bangalore,Android,2025-07-13 05:00:00,1,1,1,1,0,0,,
295,Bangalore,Android,2025-07-13 06:00:00,1,1,1,1,1,0,,
296,Mumbai,iOS,2025-07-13 07:00:00,1,1,1,1,1,1,42.64584536029111,224.61951728999918
297,Bangalore,iOS,2025-07-13 08:00:00,1,0,0,0,0,0,,
298,Delhi,Android,2025-07-13 09:00:00,1,1,1,1,0,0,,
299,Hyderabad,Android,2025-07-13 10:00:00,1,0,0,0,0,0,,
300,Mumbai,iOS,2025-07-13 11:00:00,1,1,0,0,0,0,,
301,Hyderabad,iOS,2025-07-13 12:00:00,1,0,0,0,0,0,,
302,Hyderabad,Android,2025-07-13 13:00:00,1,1,0,0,0,0,,
303,Delhi,Android,2025-07-13 14:00:00,1,0,0,0,0,0,,
304,Bangalore,Android,2025-07-13 15:00:00,1,1,1,0,0,0,,
305,Bangalore,Android,2025-07-13 16:00:00,1,1,1,1,1,1,43.108581907948114,408.6797377984726
306,Hyderabad,iOS,2025-07-13 17:00:00,1,1,1,1,0,0,,
307,Mumbai,iOS,2025-07-13 18:00:00,1,1,1,1,1,0,,
308,Bangalore,iOS,2025-07-13 19:00:00,0,0,0,0,0,0,,
309,Mumbai,Android,2025-07-13 20:00:00,1,1,1,1,1,1,45.96758646301849,286.57868063144724
310,Bangalore,Android,2025-07-13 21:00:00,1,0,0,0,0,0,,
311,Mumbai,iOS,2025-07-13 22:00:00,1,1,0,0,0,0,,
312,Delhi,iOS,2025-07-13 23:00:00,1,1,1,1,1,1,36.80830085397405,344.67574299107974
313,Mumbai,Android,2025-07-14 00:00:00,1,1,0,0,0,0,,
314,Delhi,iOS,2025-07-14 01:00:00,1,1,1,1,1,1,43.350212958021025,310.3789657718896
315,Delhi,iOS,2025-07-14 02:00:00,1,1,1,1,1,1,35.08262151209273,100.0
316,Mumbai,Android,2025-07-14 03:00:00,0,0,0,0,0,0,,
317,Delhi,Android,2025-07-14 04:00:00,1,1,1,1,1,1,41.2404511842672,332.9253360501693
318,Hyderabad,Android,2025-07-14 05:00:00,0,0,0,0,0,0,,
319,Delhi,Android,2025-07-14 06:00:00,1,1,1,0,0,0,,
320,Bangalore,Android,2025-07-14 07:00:00,0,0,0,0,0,0,,
321,Mumbai,iOS,2025-07-14 08:00:00,1,1,1,0,0,0,,
322,Hyderabad,Android,2025-07-14 09:00:00,1,1,0,0,0,0,,
323,Mumbai,Android,2025-07-14 10:00:00,0,0,0,0,0,0,,
324,Bangalore,Android,2025-07-14 11:00:00,1,1,1,1,1,0,,
325,Bangalore,Android,2025-07-14 12:00:00,1,1,1,1,1,1,47.47072843846553,100.0
326,Bangalore,iOS,2025-07-14 13:00:00,1,1,1,0,0,0,,
327,Delhi,Android,2025-07-14 14:00:00,0,0,0,0,0,0,,
328,Delhi,Android,2025-07-14 15:00:00,1,1,0,0,0,0,,
329,Mumbai,iOS,2025-07-14 16:00:00,1,0,0,0,0,0,,
330,Mumbai,Android,2025-07-14 17:00:00,1,1,1,1,1,0,,
331,Hyderabad,Android,2025-07-14 18:00:00,1,1,1,1,0,0,,
332,Hyderabad,Android,2025-07-14 19:00:00,1,1,1,1,1,1,36.57034833843346,426.65513543377716
333,Mumbai,Android,2025-07-14 20:00:00,0,0,0,0,0,0,,
334,Delhi,Android,2025-07-14 21:00:00,1,1,1,1,1,0,,
335,Bangalore,Android,2025-07-14 22:00:00,1,1,1,1,1,1,28.535996932822158,549.9239696333502
336,Mumbai,Android,2025-07-14 23:00:00,0,0,0,0,0,0,,
337,Hyderabad,iOS,2025-07-15 00:00:00,1,1,0,0,0,0,,
338,Delhi,Android,2025-07-15 01:00:00,0,0,0,0,0,0,,
339,Mumbai,Android,2025-07-15 02:00:00,1,1,1,0,0,0,,
340,Mumbai,Android,2025-07-15 03:00:00,1,1,1,1,1,1,49.79185435589733,450.7580682762733
341,Delhi,Android,2025-07-15 04:00:00,1,1,1,1,1,0,,
342,Mumbai,Android,2025-07-15 05:00:00,0,0,0,0,0,0,,
343,Delhi,Android,2025-07-15 06:00:00,0,0,0,0,0,0,,
344,Bangalore,iOS,2025-07-15 07:00:00,1,1,0,0,0,0,,
345,Delhi,Android,2025-07-15 08:00:00,1,1,1,1,1,0,,
346,Delhi,Android,2025-07-15 09:00:00,1,1,1,1,1,0,,
347,Delhi,Android,2025-07-15 10:00:00,0,0,0,0,0,0,,
348,Mumbai,iOS,2025-07-15 11:00:00,1,1,0,0,0,0,,
349,Mumbai,Android,2025-07-15 12:00:00,1,1,1,1,1,1,45.204878447742324,445.7233807748686
350,Delhi,Android,2025-07-15 13:00:00,0,0,0,0,0,0,,
351,Mumbai,Android,2025-07-15 14:00:00,1,1,1,1,1,1,34.661450706079656,388.9342394219737
352,Hyderabad,iOS,2025-07-15 15:00:00,1,1,0,0,0,0,,
353,Hyderabad,Android,2025-07-15 16:00:00,1,1,0,0,0,0,,
354,Mumbai,iOS,2025-07-15 17:00:00,1,1,1,1,1,1,39.88276496790807,291.2845840968796
355,Mumbai,Android,2025-07-15 18:00:00,1,0,0,0,0,0,,
356,Delhi,Android,2025-07-15 19:00:00,1,1,1,1,1,0,,
357,Bangalore,Android,2025-07-15 20:00:00,1,1,1,0,0,0,,
358,Mumbai,Android,2025-07-15 21:00:00,0,0,0,0,0,0,,
359,Hyderabad,Android,2025-07-15 22:00:00,1,1,1,1,1,1,27.63479663653328,100.0
360,Delhi,Android,2025-07-15 23:00:00,1,1,0,0,0,0,,
361,Mumbai,iOS,2025-07-16 00:00:00,1,0,0,0,0,0,,
362,Hyderabad,Android,2025-07-16 01:00:00,1,1,0,0,0,0,,
363,Hyderabad,Android,2025-07-16 02:00:00,1,1,1,1,0,0,,
364,Bangalore,Android,2025-07-16 03:00:00,1,1,1,1,1,1,45.39280450880676,453.6157261138504
365,Delhi,Android,2025-07-16 04:00:00,1,1,1,1,1,1,34.92266696770243,354.10963819332056
366,Delhi,Android,2025-07-16 05:00:00,1,1,0,0,0,0,,
367,Bangalore,Android,2025-07-16 06:00:00,1,0,0,0,0,0,,
368,Bangalore,Android,2025-07-16 07:00:00,1,1,0,0,0,0,,
369,Delhi,iOS,2025-07-16 08:00:00,0,0,0,0,0,0,,
370,Delhi,iOS,2025-07-16 09:00:00,0,0,0,0,0,0,,
371,Mumbai,Android,2025-07-16 10:00:00,1,1,1,1,1,1,48.68509867119505,490.7230011383635
372,Mumbai,Android,2025-07-16 11:00:00,1,1,1,1,1,1,20.44305092679005,229.14094757576578
373,Bangalore,Android,2025-07-16 12:00:00,1,1,1,1,1,1,43.14282755073036,208.87449948303006
374,Mumbai,Android,2025-07-16 13:00:00,1,0,0,0,0,0,,
375,Hyderabad,Android,2025-07-16 14:00:00,1,1,1,0,0,0,,
376,Mumbai,Android,2025-07-16 15:00:00,0,0,0,0,0,0,,
377,Mumbai,iOS,2025-07-16 16:00:00,1,1,1,1,1,1,42.93274965260314,470.79940398603867
378,Hyderabad,Android,2025-07-16 17:00:00,1,1,1,0,0,0,,
379,Bangalore,Android,2025-07-16 18:00:00,1,1,1,1,0,0,,
380,Hyderabad,Android,2025-07-16 19:00:00,0,0,0,0,0,0,,
381,Mumbai,Android,2025-07-16 20:00:00,1,0,0,0,0,0,,
382,Bangalore,Android,2025-07-16 21:00:00,1,1,0,0,0,0,,
383,Mumbai,Android,2025-07-16 22:00:00,1,1,1,1,1,0,,
384,Hyderabad,Android,2025-07-16 23:00:00,1,1,1,1,1,1,34.09325438115148,356.19081040299966
385,Hyderabad,iOS,2025-07-17 00:00:00,1,1,1,1,1,0,,
386,Mumbai,Android,2025-07-17 01:00:00,1,1,1,1,1,1,37.23510244413247,378.9022050605403
387,Delhi,Android,2025-07-17 02:00:00,1,1,0,0,0,0,,
388,Delhi,Android,2025-07-17 03:00:00,1,1,0,0,0,0,,
389,Hyderabad,Android,2025-07-17 04:00:00,1,1,1,0,0,0,,
390,Hyderabad,Android,2025-07-17 05:00:00,1,1,1,1,1,0,,
391,Delhi,iOS,2025-07-17 06:00:00,1,1,1,1,1,1,53.466434314344816,271.3193343103615
392,Delhi,iOS,2025-07-17 07:00:00,1,1,1,1,1,1,27.38788148147691,271.5503927610465
393,Mumbai,iOS,2025-07-17 08:00:00,1,1,0,0,0,0,,
394,Mumbai,Android,2025-07-17 09:00:00,1,1,1,1,1,1,44.15176602323072,435.8894796659873
395,Delhi,Android,2025-07-17 10:00:00,1,1,1,1,0,0,,
396,Mumbai,Android,2025-07-17 11:00:00,1,1,1,0,0,0,,
397,Mumbai,Android,2025-07-17 12:00:00,1,0,0,0,0,0,,
398,Bangalore,iOS,2025-07-17 13:00:00,1,1,1,1,1,1,38.89464402992318,361.07234341864967
399,Mumbai,Android,2025-07-17 14:00:00,1,1,0,0,0,0,,
400,Hyderabad,Android,2025-07-17 15:00:00,1,1,1,0,0,0,,
401,Mumbai,Android,2025-07-17 16:00:00,1,1,1,0,0,0,,
402,Mumbai,Android,2025-07-17 17:00:00,1,0,0,0,0,0,,
403,Delhi,Android,2025-07-17 18:00:00,1,1,1,1,1,1,29.091034100272317,411.41129671981065
404,Hyderabad,Android,2025-07-17 19:00:00,1,1,1,1,0,0,,
405,Mumbai,Android,2025-07-17 20:00:00,1,0,0,0,0,0,,
406,Mumbai,iOS,2025-07-17 21:00:00,1,1,1,1,1,1,41.381906367840145,271.8727500305606
407,Bangalore,iOS,2025-07-17 22:00:00,1,1,0,0,0,0,,
408,Mumbai,Android,2025-07-17 23:00:00,1,1,1,1,1,0,,
409,Mumbai,Android,2025-07-18 00:00:00,1,1,1,1,1,0,,
410,Bangalore,Android,2025-07-18 01:00:00,1,1,0,0,0,0,,
411,Delhi,Android,2025-07-18 02:00:00,1,1,1,1,0,0,,
412,Mumbai,Android,2025-07-18 03:00:00,1,0,0,0,0,0,,
413,Bangalore,Android,2025-07-18 04:00:00,1,0,0,0,0,0,,
414,Hyderabad,Android,2025-07-18 05:00:00,1,1,1,1,1,1,32.2656250813234,285.5324048836509
415,Delhi,Android,2025-07-18 06:00:00,1,1,1,1,1,1,41.32186469514886,383.1219278738528
416,Hyderabad,Android,2025-07-18 07:00:00,1,1,0,0,0,0,,
417,Hyderabad,Android,2025-07-18 08:00:00,0,0,0,0,0,0,,
418,Bangalore,iOS,2025-07-18 09:00:00,1,1,0,0,0,0,,
419,Mumbai,iOS,2025-07-18 10:00:00,1,1,1,1,0,0,,
420,Bangalore,Android,2025-07-18 11:00:00,1,1,1,1,1,1,37.62264922961615,349.1637888875939
421,Bangalore,iOS,2025-07-18 12:00:00,1,1,1,1,0,0,,
422,Bangalore,Android,2025-07-18 13:00:00,0,0,0,0,0,0,,
423,Bangalore,iOS,2025-07-18 14:00:00,1,1,1,1,1,1,30.410237564655525,394.0519606380916
424,Delhi,iOS,2025-07-18 15:00:00,1,1,0,0,0,0,,
425,Mumbai,Android,2025-07-18 16:00:00,1,1,1,1,1,1,54.498535197733496,414.73326855134786
426,Hyderabad,Android,2025-07-18 17:00:00,0,0,0,0,0,0,,
427,Hyderabad,Android,2025-07-18 18:00:00,1,1,0,0,0,0,,
428,Mumbai,Android,2025-07-18 19:00:00,0,0,0,0,0,0,,
429,Hyderabad,Android,2025-07-18 20:00:00,1,0,0,0,0,0,,
430,Mumbai,Android,2025-07-18 21:00:00,1,1,1,1,1,1,27.83340787473149,422.9519350986202
431,Hyderabad,Android,2025-07-18 22:00:00,0,0,0,0,0,0,,
432,Bangalore,iOS,2025-07-18 23:00:00,1,1,1,1,1,0,,
433,Hyderabad,iOS,2025-07-19 00:00:00,0,0,0,0,0,0,,
434,Mumbai,Android,2025-07-19 01:00:00,1,1,0,0,0,0,,
435,Mumbai,Android,2025-07-19 02:00:00,1,1,1,1,0,0,,
436,Mumbai,Android,2025-07-19 03:00:00,1,1,1,1,0,0,,
437,Mumbai,Android,2025-07-19 04:00:00,1,1,1,1,1,1,42.22235636630524,495.1254656954613
438,Mumbai,iOS,2025-07-19 05:00:00,1,1,1,1,1,0,,
439,Delhi,Android,2025-07-19 06:00:00,1,1,1,1,1,1,40.0593816941515,455.4777814276657
440,Delhi,Android,2025-07-19 07:00:00,1,1,1,1,1,1,48.58688511465626,346.397896424556
441,Hyderabad,Android,2025-07-19 08:00:00,1,1,1,1,1,0,,
442,Mumbai,Android,2025-07-19 09:00:00,1,1,1,0,0,0,,
443,Hyderabad,Android,2025-07-19 10:00:00,1,1,0,0,0,0,,
444,Mumbai,iOS,2025-07-19 11:00:00,1,1,0,0,0,0,,
445,Mumbai,Android,2025-07-19 12:00:00,1,1,1,1,0,0,,
446,Delhi,Android,2025-07-19 13:00:00,0,0,0,0,0,0,,
447,Delhi,Android,2025-07-19 14:00:00,0,0,0,0,0,0,,
448,Bangalore,iOS,2025-07-19 15:00:00,0,0,0,0,0,0,,
449,Delhi,iOS,2025-07-19 16:00:00,1,1,1,1,0,0,,
450,Bangalore,Android,2025-07-19 17:00:00,1,1,1,1,1,1,33.37093327720135,373.0537127828304
451,Bangalore,Android,2025-07-19 18:00:00,1,1,1,1,1,1,40.28078774047991,305.30522724173346
452,Bangalore,Android,2025-07-19 19:00:00,1,1,1,1,1,0,,
453,Bangalore,Android,2025-07-19 20:00:00,1,1,1,0,0,0,,
454,Bangalore,iOS,2025-07-19 21:00:00,1,1,1,1,1,1,37.01593728076156,359.29302341139874
455,Hyderabad,Android,2025-07-19 22:00:00,1,0,0,0,0,0,,
456,Delhi,Android,2025-07-19 23:00:00,1,0,0,0,0,0,,
457,Bangalore,Android,2025-07-20 00:00:00,1,1,0,0,0,0,,
458,Mumbai,Android,2025-07-20 01:00:00,0,0,0,0,0,0,,
459,Delhi,Android,2025-07-20 02:00:00,0,0,0,0,0,0,,
460,Delhi,iOS,2025-07-20 03:00:00,1,1,1,0,0,0,,
461,Bangalore,Android,2025-07-20 04:00:00,0,0,0,0,0,0,,
462,Hyderabad,Android,2025-07-20 05:00:00,0,0,0,0,0,0,,
463,Bangalore,Android,2025-07-20 06:00:00,0,0,0,0,0,0,,
464,Hyderabad,Android,2025-07-20 07:00:00,1,1,1,0,0,0,,
465,Mumbai,Android,2025-07-20 08:00:00,1,1,1,1,0,0,,
466,Delhi,Android,2025-07-20 09:00:00,1,1,1,1,1,1,26.211966954147737,553.6156186358842
467,Mumbai,iOS,2025-07-20 10:00:00,1,1,1,1,1,0,,
468,Hyderabad,Android,2025-07-20 11:00:00,1,1,1,1,1,0,,
469,Hyderabad,Android,2025-07-20 12:00:00,1,0,0,0,0,0,,
470,Mumbai,Android,2025-07-20 13:00:00,1,0,0,0,0,0,,
471,Hyderabad,Android,2025-07-20 14:00:00,1,1,1,1,1,1,53.45381247627721,568.8498986095991
472,Mumbai,iOS,2025-07-20 15:00:00,1,0,0,0,0,0,,
473,Delhi,iOS,2025-07-20 16:00:00,1,0,0,0,0,0,,
474,Mumbai,Android,2025-07-20 17:00:00,1,1,1,1,1,0,,
475,Delhi,Android,2025-07-20 18:00:00,1,1,1,1,1,1,49.26481875105216,372.4417207944116
476,Mumbai,Android,2025-07-20 19:00:00,1,1,1,0,0,0,,
477,Hyderabad,Android,2025-07-20 20:00:00,1,1,1,0,0,0,,
478,Mumbai,Android,2025-07-20 21:00:00,1,1,1,1,0,0,,
479,Hyderabad,Android,2025-07-20 22:00:00,1,1,1,1,0,0,,
480,Mumbai,Android,2025-07-20 23:00:00,1,0,0,0,0,0,,
481,Mumbai,Android,2025-07-21 00:00:00,1,1,1,1,1,1,32.66734906513646,205.64429658162746
482,Bangalore,iOS,2025-07-21 01:00:00,1,1,1,0,0,0,,
483,Hyderabad,Android,2025-07-21 02:00:00,1,1,1,1,1,0,,
484,Bangalore,Android,2025-07-21 03:00:00,1,1,1,0,0,0,,
485,Hyderabad,iOS,2025-07-21 04:00:00,1,1,1,0,0,0,,
486,Bangalore,Android,2025-07-21 05:00:00,1,1,1,1,1,1,40.22450412277661,288.18268376527357
487,Delhi,Android,2025-07-21 06:00:00,0,0,0,0,0,0,,
488,Mumbai,Android,2025-07-21 07:00:00,1,1,1,0,0,0,,
489,Hyderabad,Android,2025-07-21 08:00:00,0,0,0,0,0,0,,
490,Hyderabad,iOS,2025-07-21 09:00:00,1,1,1,1,1,1,44.15272579113274,211.55768456415635
491,Mumbai,iOS,2025-07-21 10:00:00,1,1,1,0,0,0,,
492,Hyderabad,Android,2025-07-21 11:00:00,1,1,1,1,1,1,62.73941038677201,308.5610208034767
493,Hyderabad,Android,2025-07-21 12:00:00,1,1,1,1,0,0,,
494,Bangalore,Android,2025-07-21 13:00:00,0,0,0,0,0,0,,
495,Hyderabad,Android,2025-07-21 14:00:00,1,1,1,1,1,1,56.54754358850542,359.4507653047391
496,Delhi,Android,2025-07-21 15:00:00,1,1,1,1,1,1,34.133272256947905,245.17488362809485
497,Delhi,iOS,2025-07-21 16:00:00,0,0,0,0,0,0,,
498,Mumbai,Android,2025-07-21 17:00:00,1,1,1,1,1,1,35.88528825862039,447.01010940126537
499,Hyderabad,iOS,2025-07-21 18:00:00,1,1,0,0,0,0,,
500,Mumbai,Android,2025-07-21 19:00:00,0,0,0,0,0,0,,
501,Delhi,Android,2025-07-21 20:00:00,1,1,1,0,0,0,,
502,Hyderabad,Android,2025-07-21 21:00:00,1,0,0,0,0,0,,
503,Hyderabad,iOS,2025-07-21 22:00:00,1,1,1,0,0,0,,
504,Mumbai,iOS,2025-07-21 23:00:00,1,1,1,1,1,1,26.841142576737614,367.38011648773386
505,Delhi,iOS,2025-07-22 00:00:00,1,1,1,1,1,0,,
506,Hyderabad,Android,2025-07-22 01:00:00,0,0,0,0,0,0,,
507,Mumbai,Android,2025-07-22 02:00:00,1,1,1,1,1,1,46.0011895079661,344.98307323661174
508,Delhi,iOS,2025-07-22 03:00:00,1,0,0,0,0,0,,
509,Mumbai,Android,2025-07-22 04:00:00,1,0,0,0,0,0,,
510,Bangalore,Android,2025-07-22 05:00:00,0,0,0,0,0,0,,
511,Hyderabad,Android,2025-07-22 06:00:00,1,1,1,1,1,1,25.530679301971418,498.83946776914286
512,Bangalore,iOS,2025-07-22 07:00:00,0,0,0,0,0,0,,
513,Delhi,iOS,2025-07-22 08:00:00,1,1,1,0,0,0,,
514,Bangalore,Android,2025-07-22 09:00:00,1,1,1,1,1,1,53.148146448442816,302.99285004112994
515,Bangalore,iOS,2025-07-22 10:00:00,1,1,1,1,1,1,39.92876387791663,370.466843789006
516,Delhi,iOS,2025-07-22 11:00:00,1,1,1,1,1,1,41.78174084769435,338.8986537868239
517,Mumbai,Android,2025-07-22 12:00:00,1,1,1,1,1,1,67.68892309627608,445.33975332379794
518,Bangalore,Android,2025-07-22 13:00:00,1,0,0,0,0,0,,
519,Mumbai,iOS,2025-07-22 14:00:00,1,1,1,1,1,0,,
520,Bangalore,Android,2025-07-22 15:00:00,1,1,1,1,1,0,,
521,Mumbai,Android,2025-07-22 16:00:00,1,1,0,0,0,0,,
522,Delhi,Android,2025-07-22 17:00:00,1,1,1,1,0,0,,
523,Bangalore,iOS,2025-07-22 18:00:00,0,0,0,0,0,0,,
524,Delhi,iOS,2025-07-22 19:00:00,1,1,1,1,1,1,26.25628595704752,404.2873348103671
525,Bangalore,iOS,2025-07-22 20:00:00,1,1,1,0,0,0,,
526,Delhi,Android,2025-07-22 21:00:00,1,1,1,1,1,1,38.27263174832996,481.86179262194736
527,Delhi,iOS,2025-07-22 22:00:00,0,0,0,0,0,0,,
528,Bangalore,iOS,2025-07-22 23:00:00,0,0,0,0,0,0,,
529,Bangalore,Android,2025-07-23 00:00:00,1,0,0,0,0,0,,
530,Bangalore,iOS,2025-07-23 01:00:00,1,1,1,1,1,1,45.56735838835936,406.3198403467312
531,Hyderabad,Android,2025-07-23 02:00:00,1,0,0,0,0,0,,
532,Mumbai,Android,2025-07-23 03:00:00,1,1,1,1,0,0,,
533,Hyderabad,Android,2025-07-23 04:00:00,1,1,1,1,1,0,,
534,Hyderabad,Android,2025-07-23 05:00:00,1,0,0,0,0,0,,
535,Delhi,Android,2025-07-23 06:00:00,1,1,1,1,0,0,,
536,Bangalore,Android,2025-07-23 07:00:00,1,0,0,0,0,0,,
537,Mumbai,Android,2025-07-23 08:00:00,1,1,1,1,0,0,,
538,Delhi,iOS,2025-07-23 09:00:00,0,0,0,0,0,0,,
539,Hyderabad,Android,2025-07-23 10:00:00,0,0,0,0,0,0,,
540,Bangalore,Android,2025-07-23 11:00:00,1,1,1,1,1,1,28.4158682742721,437.3183140778606
541,Delhi,Android,2025-07-23 12:00:00,1,1,1,0,0,0,,
542,Bangalore,iOS,2025-07-23 13:00:00,1,1,1,0,0,0,,
543,Delhi,Android,2025-07-23 14:00:00,1,1,0,0,0,0,,
544,Bangalore,Android,2025-07-23 15:00:00,1,1,0,0,0,0,,
545,Hyderabad,iOS,2025-07-23 16:00:00,0,0,0,0,0,0,,
546,Mumbai,Android,2025-07-23 17:00:00,1,1,1,1,0,0,,
547,Hyderabad,Android,2025-07-23 18:00:00,1,1,0,0,0,0,,
548,Mumbai,Android,2025-07-23 19:00:00,1,1,1,0,0,0,,
549,Bangalore,iOS,2025-07-23 20:00:00,1,1,1,0,0,0,,
550,Delhi,Android,2025-07-23 21:00:00,1,1,1,1,1,1,47.3160110215844,305.2626750158785
551,Hyderabad,iOS,2025-07-23 22:00:00,1,1,1,1,1,1,49.31269595995574,277.2678778497723
552,Mumbai,Android,2025-07-23 23:00:00,1,0,0,0,0,0,,
553,Hyderabad,iOS,2025-07-24 00:00:00,1,1,1,1,1,1,50.32556812353597,366.3431760587132
554,Mumbai,iOS,2025-07-24 01:00:00,1,1,1,1,1,0,,
555,Hyderabad,iOS,2025-07-24 02:00:00,0,0,0,0,0,0,,
556,Mumbai,Android,2025-07-24 03:00:00,1,0,0,0,0,0,,
557,Mumbai,iOS,2025-07-24 04:00:00,1,1,1,1,1,1,48.975435703037945,467.9913410425699
558,Bangalore,Android,2025-07-24 05:00:00,1,1,0,0,0,0,,
559,Mumbai,Android,2025-07-24 06:00:00,1,0,0,0,0,0,,
560,Bangalore,Android,2025-07-24 07:00:00,1,1,0,0,0,0,,
561,Mumbai,iOS,2025-07-24 08:00:00,1,1,1,1,1,0,,
562,Delhi,iOS,2025-07-24 09:00:00,1,1,1,0,0,0,,
563,Delhi,iOS,2025-07-24 10:00:00,1,1,1,0,0,0,,
564,Delhi,Android,2025-07-24 11:00:00,1,1,1,1,1,1,27.527073549698464,362.2732161638273
565,Mumbai,Android,2025-07-24 12:00:00,0,0,0,0,0,0,,
566,Bangalore,iOS,2025-07-24 13:00:00,1,1,1,1,0,0,,
567,Bangalore,Android,2025-07-24 14:00:00,1,1,0,0,0,0,,
568,Mumbai,Android,2025-07-24 15:00:00,1,1,0,0,0,0,,
569,Delhi,Android,2025-07-24 16:00:00,1,1,1,1,1,1,35.16012883719121,292.3398223257029
570,Delhi,Android,2025-07-24 17:00:00,1,0,0,0,0,0,,
571,Bangalore,Android,2025-07-24 18:00:00,1,1,1,1,1,1,25.03985442850573,178.35168232555537
572,Delhi,Android,2025-07-24 19:00:00,1,0,0,0,0,0,,
573,Hyderabad,Android,2025-07-24 20:00:00,0,0,0,0,0,0,,
574,Bangalore,Android,2025-07-24 21:00:00,1,1,1,1,1,1,33.7441936231196,492.3754075307279
575,Delhi,iOS,2025-07-24 22:00:00,1,0,0,0,0,0,,
576,Bangalore,Android,2025-07-24 23:00:00,0,0,0,0,0,0,,
577,Hyderabad,Android,2025-07-25 00:00:00,1,1,1,0,0,0,,
578,Bangalore,Android,2025-07-25 01:00:00,0,0,0,0,0,0,,
579,Bangalore,Android,2025-07-25 02:00:00,1,1,0,0,0,0,,
580,Bangalore,iOS,2025-07-25 03:00:00,1,0,0,0,0,0,,
581,Bangalore,iOS,2025-07-25 04:00:00,1,1,0,0,0,0,,
582,Hyderabad,Android,2025-07-25 05:00:00,1,1,1,1,0,0,,
583,Mumbai,Android,2025-07-25 06:00:00,1,1,1,1,1,1,45.66306538733587,295.6526892746457
584,Bangalore,iOS,2025-07-25 07:00:00,0,0,0,0,0,0,,
585,Bangalore,iOS,2025-07-25 08:00:00,0,0,0,0,0,0,,
586,Delhi,Android,2025-07-25 09:00:00,1,1,1,1,1,0,,
587,Bangalore,Android,2025-07-25 10:00:00,1,1,1,1,1,1,41.264128294336174,333.7717552832586
588,Delhi,Android,2025-07-25 11:00:00,1,1,1,1,1,1,28.223889921882268,347.4652725249576
589,Mumbai,iOS,2025-07-25 12:00:00,1,1,0,0,0,0,,
590,Hyderabad,Android,2025-07-25 13:00:00,1,1,1,1,1,1,49.780718672971,342.50207409224487
591,Hyderabad,iOS,2025-07-25 14:00:00,0,0,0,0,0,0,,
592,Mumbai,Android,2025-07-25 15:00:00,1,1,1,1,1,0,,
593,Hyderabad,Android,2025-07-25 16:00:00,1,1,0,0,0,0,,
594,Mumbai,Android,2025-07-25 17:00:00,0,0,0,0,0,0,,
595,Mumbai,Android,2025-07-25 18:00:00,0,0,0,0,0,0,,
596,Mumbai,Android,2025-07-25 19:00:00,1,0,0,0,0,0,,
597,Hyderabad,Android,2025-07-25 20:00:00,1,1,1,1,1,1,32.1011569083308,478.02152727174615
598,Delhi,Android,2025-07-25 21:00:00,1,1,1,1,1,1,39.98094367011243,323.5678511259821
599,Mumbai,iOS,2025-07-25 22:00:00,0,0,0,0,0,0,,
600,Bangalore,Android,2025-07-25 23:00:00,0,0,0,0,0,0,,
601,Hyderabad,Android,2025-07-26 00:00:00,1,1,1,1,1,1,39.11876158993305,362.8628690654427
602,Mumbai,iOS,2025-07-26 01:00:00,1,1,1,1,0,0,,
603,Mumbai,iOS,2025-07-26 02:00:00,0,0,0,0,0,0,,
604,Bangalore,iOS,2025-07-26 03:00:00,1,1,1,0,0,0,,
605,Delhi,iOS,2025-07-26 04:00:00,1,1,1,1,1,1,41.34707468102805,386.17619921038505
606,Delhi,Android,2025-07-26 05:00:00,1,0,0,0,0,0,,
607,Delhi,Android,2025-07-26 06:00:00,0,0,0,0,0,0,,
608,Mumbai,iOS,2025-07-26 07:00:00,1,1,1,1,1,1,43.57722769472242,388.4278834985951
609,Mumbai,Android,2025-07-26 08:00:00,1,1,1,1,1,1,40.22102749849856,321.4969151725138
610,Mumbai,Android,2025-07-26 09:00:00,0,0,0,0,0,0,,
611,Hyderabad,iOS,2025-07-26 10:00:00,1,1,0,0,0,0,,
612,Bangalore,Android,2025-07-26 11:00:00,1,1,0,0,0,0,,
613,Mumbai,Android,2025-07-26 12:00:00,1,1,0,0,0,0,,
614,Bangalore,Android,2025-07-26 13:00:00,1,1,0,0,0,0,,
615,Bangalore,Android,2025-07-26 14:00:00,1,1,0,0,0,0,,
616,Delhi,Android,2025-07-26 15:00:00,0,0,0,0,0,0,,
617,Hyderabad,Android,2025-07-26 16:00:00,1,1,1,1,1,1,34.459262727660104,317.9899523649916
618,Mumbai,iOS,2025-07-26 17:00:00,1,1,1,0,0,0,,
619,Delhi,Android,2025-07-26 18:00:00,0,0,0,0,0,0,,
620,Delhi,Android,2025-07-26 19:00:00,1,1,1,1,1,1,60.27739693148058,239.35254438860983
621,Mumbai,iOS,2025-07-26 20:00:00,1,1,1,1,1,1,38.3487707777816,360.1751050771639
622,Bangalore,iOS,2025-07-26 21:00:00,1,1,1,0,0,0,,
623,Delhi,iOS,2025-07-26 22:00:00,1,1,1,1,1,1,45.84683281917922,344.39444340598027
624,Bangalore,iOS,2025-07-26 23:00:00,1,1,1,1,1,0,,
625,Hyderabad,Android,2025-07-27 00:00:00,1,1,1,0,0,0,,
626,Bangalore,Android,2025-07-27 01:00:00,1,1,0,0,0,0,,
627,Hyderabad,Android,2025-07-27 02:00:00,1,1,1,1,0,0,,
628,Bangalore,Android,2025-07-27 03:00:00,1,0,0,0,0,0,,
629,Delhi,Android,2025-07-27 04:00:00,1,1,1,0,0,0,,
630,Delhi,Android,2025-07-27 05:00:00,1,1,1,1,1,1,34.100223092473875,544.9975040996101
631,Hyderabad,iOS,2025-07-27 06:00:00,1,1,0,0,0,0,,
632,Mumbai,Android,2025-07-27 07:00:00,1,1,1,1,0,0,,
633,Hyderabad,Android,2025-07-27 08:00:00,1,0,0,0,0,0,,
634,Hyderabad,Android,2025-07-27 09:00:00,0,0,0,0,0,0,,
635,Bangalore,Android,2025-07-27 10:00:00,1,0,0,0,0,0,,
636,Bangalore,Android,2025-07-27 11:00:00,1,0,0,0,0,0,,
637,Hyderabad,iOS,2025-07-27 12:00:00,1,1,1,1,1,1,38.000171014432205,399.01815174907415
638,Delhi,Android,2025-07-27 13:00:00,1,1,1,1,1,1,29.70833089254067,425.4899166549883
639,Bangalore,Android,2025-07-27 14:00:00,1,1,1,1,1,1,44.96812507135921,225.52331258308175
640,Mumbai,Android,2025-07-27 15:00:00,1,0,0,0,0,0,,
641,Bangalore,iOS,2025-07-27 16:00:00,1,1,1,1,1,1,35.95754400802771,123.05021355025906
642,Bangalore,Android,2025-07-27 17:00:00,1,1,1,1,1,1,42.65462659495727,329.06833833785
643,Mumbai,Android,2025-07-27 18:00:00,1,0,0,0,0,0,,
644,Hyderabad,Android,2025-07-27 19:00:00,1,0,0,0,0,0,,
645,Mumbai,Android,2025-07-27 20:00:00,1,1,1,1,1,1,40.22857509845124,184.36194728589743
646,Hyderabad,iOS,2025-07-27 21:00:00,1,1,1,1,1,1,47.37512893622851,298.7682689540905
647,Hyderabad,iOS,2025-07-27 22:00:00,0,0,0,0,0,0,,
648,Hyderabad,Android,2025-07-27 23:00:00,1,1,1,0,0,0,,
649,Mumbai,iOS,2025-07-28 00:00:00,1,0,0,0,0,0,,
650,Hyderabad,iOS,2025-07-28 01:00:00,1,1,1,1,1,0,,
651,Delhi,iOS,2025-07-28 02:00:00,0,0,0,0,0,0,,
652,Mumbai,iOS,2025-07-28 03:00:00,1,1,1,0,0,0,,
653,Delhi,Android,2025-07-28 04:00:00,1,0,0,0,0,0,,
654,Hyderabad,Android,2025-07-28 05:00:00,0,0,0,0,0,0,,
655,Bangalore,Android,2025-07-28 06:00:00,1,1,0,0,0,0,,
656,Hyderabad,iOS,2025-07-28 07:00:00,1,0,0,0,0,0,,
657,Delhi,Android,2025-07-28 08:00:00,1,1,0,0,0,0,,
658,Delhi,iOS,2025-07-28 09:00:00,1,1,1,1,0,0,,
659,Mumbai,iOS,2025-07-28 10:00:00,0,0,0,0,0,0,,
660,Bangalore,Android,2025-07-28 11:00:00,1,1,0,0,0,0,,
661,Mumbai,iOS,2025-07-28 12:00:00,1,0,0,0,0,0,,
662,Delhi,Android,2025-07-28 13:00:00,1,1,0,0,0,0,,
663,Hyderabad,Android,2025-07-28 14:00:00,1,1,1,1,1,1,32.66731316195823,208.9200306372944
664,Bangalore,iOS,2025-07-28 15:00:00,1,1,1,1,0,0,,
665,Hyderabad,Android,2025-07-28 16:00:00,1,1,1,1,1,1,31.1549692693998,131.55072649481912
666,Hyderabad,iOS,2025-07-28 17:00:00,1,0,0,0,0,0,,
667,Bangalore,iOS,2025-07-28 18:00:00,1,1,1,0,0,0,,
668,Mumbai,Android,2025-07-28 19:00:00,1,1,0,0,0,0,,
669,Hyderabad,Android,2025-07-28 20:00:00,1,1,1,1,1,0,,
670,Delhi,Android,2025-07-28 21:00:00,1,1,1,0,0,0,,
671,Hyderabad,Android,2025-07-28 22:00:00,0,0,0,0,0,0,,
672,Bangalore,iOS,2025-07-28 23:00:00,1,1,1,1,0,0,,
673,Bangalore,Android,2025-07-29 00:00:00,0,0,0,0,0,0,,
674,Bangalore,Android,2025-07-29 01:00:00,1,1,0,0,0,0,,
675,Mumbai,Android,2025-07-29 02:00:00,1,1,1,1,1,1,39.00799647068443,317.04961993638744
676,Hyderabad,Android,2025-07-29 03:00:00,1,1,1,1,1,1,43.7651013817062,180.14302893770667
677,Mumbai,iOS,2025-07-29 04:00:00,1,0,0,0,0,0,,
678,Mumbai,Android,2025-07-29 05:00:00,1,1,1,1,0,0,,
679,Bangalore,iOS,2025-07-29 06:00:00,1,0,0,0,0,0,,
680,Bangalore,Android,2025-07-29 07:00:00,1,1,1,1,1,1,37.424484288546964,394.3238098085213
681,Mumbai,iOS,2025-07-29 08:00:00,1,1,1,1,1,1,46.622501856957385,349.5194813672712
682,Hyderabad,Android,2025-07-29 09:00:00,1,1,1,1,1,1,30.69694302145555,290.62384435986655
683,Delhi,Android,2025-07-29 10:00:00,1,1,0,0,0,0,,
684,Mumbai,iOS,2025-07-29 11:00:00,1,0,0,0,0,0,,
685,Hyderabad,Android,2025-07-29 12:00:00,1,1,1,1,1,1,33.24626761196712,387.88336326894785
686,Bangalore,iOS,2025-07-29 13:00:00,1,0,0,0,0,0,,
687,Bangalore,Android,2025-07-29 14:00:00,0,0,0,0,0,0,,
688,Hyderabad,Android,2025-07-29 15:00:00,1,1,1,1,1,1,43.000568255112896,132.6231095586008
689,Delhi,Android,2025-07-29 16:00:00,1,1,1,1,1,1,36.44878344509501,343.22828026472956
690,Bangalore,iOS,2025-07-29 17:00:00,1,1,1,1,1,1,44.14824482035874,469.17378358214273
691,Bangalore,Android,2025-07-29 18:00:00,0,0,0,0,0,0,,
692,Bangalore,Android,2025-07-29 19:00:00,0,0,0,0,0,0,,
693,Hyderabad,Android,2025-07-29 20:00:00,1,1,0,0,0,0,,
694,Mumbai,Android,2025-07-29 21:00:00,1,1,1,1,1,1,51.57553191675312,382.85698496773193
695,Bangalore,Android,2025-07-29 22:00:00,0,0,0,0,0,0,,
696,Mumbai,iOS,2025-07-29 23:00:00,0,0,0,0,0,0,,
697,Delhi,iOS,2025-07-30 00:00:00,1,0,0,0,0,0,,
698,Bangalore,iOS,2025-07-30 01:00:00,1,1,1,0,0,0,,
699,Bangalore,iOS,2025-07-30 02:00:00,1,1,1,0,0,0,,
700,Delhi,Android,2025-07-30 03:00:00,1,1,1,1,0,0,,
701,Bangalore,iOS,2025-07-30 04:00:00,0,0,0,0,0,0,,
702,Mumbai,Android,2025-07-30 05:00:00,1,1,1,1,0,0,,
703,Hyderabad,Android,2025-07-30 06:00:00,1,1,1,1,1,1,36.21648117400234,505.8183630762687
704,Mumbai,Android,2025-07-30 07:00:00,1,1,1,1,0,0,,
705,Hyderabad,Android,2025-07-30 08:00:00,1,1,1,1,1,0,,
706,Hyderabad,iOS,2025-07-30 09:00:00,1,1,1,1,1,0,,
707,Mumbai,Android,2025-07-30 10:00:00,0,0,0,0,0,0,,
708,Mumbai,Android,2025-07-30 11:00:00,1,1,1,0,0,0,,
709,Mumbai,Android,2025-07-30 12:00:00,1,1,1,0,0,0,,
710,Mumbai,iOS,2025-07-30 13:00:00,0,0,0,0,0,0,,
711,Delhi,Android,2025-07-30 14:00:00,1,1,1,0,0,0,,
712,Bangalore,Android,2025-07-30 15:00:00,1,1,1,1,1,0,,
713,Hyderabad,Android,2025-07-30 16:00:00,1,1,1,1,1,0,,
714,Mumbai,iOS,2025-07-30 17:00:00,1,0,0,0,0,0,,
715,Mumbai,Android,2025-07-30 18:00:00,0,0,0,0,0,0,,
716,Mumbai,Android,2025-07-30 19:00:00,1,1,1,1,1,1,45.89118178772656,416.603457338986
717,Delhi,Android,2025-07-30 20:00:00,1,1,1,1,1,1,38.43636862563428,417.26257608719527
718,Mumbai,Android,2025-07-30 21:00:00,1,0,0,0,0,0,,
719,Mumbai,Android,2025-07-30 22:00:00,1,0,0,0,0,0,,
720,Mumbai,Android,2025-07-30 23:00:00,1,1,1,1,1,1,37.13030363487637,229.7196805354667
721,Bangalore,iOS,2025-07-31 00:00:00,1,1,0,0,0,0,,
722,Delhi,Android,2025-07-31 01:00:00,0,0,0,0,0,0,,
723,Mumbai,Android,2025-07-31 02:00:00,1,1,1,1,0,0,,
724,Hyderabad,iOS,2025-07-31 03:00:00,0,0,0,0,0,0,,
725,Hyderabad,Android,2025-07-31 04:00:00,1,0,0,0,0,0,,
726,Hyderabad,Android,2025-07-31 05:00:00,1,1,1,0,0,0,,
727,Delhi,Android,2025-07-31 06:00:00,0,0,0,0,0,0,,
728,Delhi,Android,2025-07-31 07:00:00,0,0,0,0,0,0,,
729,Hyderabad,iOS,2025-07-31 08:00:00,1,1,1,1,1,0,,
730,Mumbai,Android,2025-07-31 09:00:00,1,1,1,1,1,1,40.56926420870776,391.5475151506249
731,Delhi,iOS,2025-07-31 10:00:00,1,1,1,1,1,1,33.22809762346706,260.96229417399223
732,Hyderabad,Android,2025-07-31 11:00:00,0,0,0,0,0,0,,
733,Hyderabad,Android,2025-07-31 12:00:00,1,1,1,1,0,0,,
734,Mumbai,Android,2025-07-31 13:00:00,1,0,0,0,0,0,,
735,Bangalore,Android,2025-07-31 14:00:00,1,1,1,1,1,1,29.534626535143985,259.9029981573745
736,Delhi,Android,2025-07-31 15:00:00,1,1,1,1,0,0,,
737,Mumbai,iOS,2025-07-31 16:00:00,1,1,1,0,0,0,,
738,Hyderabad,Android,2025-07-31 17:00:00,1,1,0,0,0,0,,
739,Hyderabad,iOS,2025-07-31 18:00:00,1,1,1,1,1,0,,
740,Mumbai,Android,2025-07-31 19:00:00,1,1,1,1,1,1,36.92899794312173,224.15851694350792
741,Delhi,iOS,2025-07-31 20:00:00,0,0,0,0,0,0,,
742,Bangalore,iOS,2025-07-31 21:00:00,1,1,1,1,0,0,,
743,Bangalore,iOS,2025-07-31 22:00:00,1,1,1,1,1,0,,
744,Hyderabad,iOS,2025-07-31 23:00:00,1,0,0,0,0,0,,
745,Delhi,iOS,2025-08-01 00:00:00,1,1,0,0,0,0,,
746,Bangalore,Android,2025-08-01 01:00:00,1,1,1,1,1,1,51.37539013150635,371.7579536342962
747,Delhi,Android,2025-08-01 02:00:00,1,0,0,0,0,0,,
748,Delhi,Android,2025-08-01 03:00:00,1,1,1,1,0,0,,
749,Hyderabad,iOS,2025-08-01 04:00:00,0,0,0,0,0,0,,
750,Bangalore,Android,2025-08-01 05:00:00,1,1,0,0,0,0,,
751,Mumbai,iOS,2025-08-01 06:00:00,1,1,1,1,0,0,,
752,Hyderabad,Android,2025-08-01 07:00:00,1,1,1,1,1,1,37.61847064956142,472.7799987851686
753,Bangalore,Android,2025-08-01 08:00:00,0,0,0,0,0,0,,
754,Bangalore,Android,2025-08-01 09:00:00,1,1,0,0,0,0,,
755,Bangalore,Android,2025-08-01 10:00:00,1,0,0,0,0,0,,
756,Bangalore,Android,2025-08-01 11:00:00,1,1,1,1,1,1,35.85627338294816,223.18563483685017
757,Bangalore,Android,2025-08-01 12:00:00,1,1,0,0,0,0,,
758,Delhi,Android,2025-08-01 13:00:00,1,0,0,0,0,0,,
759,Hyderabad,Android,2025-08-01 14:00:00,1,1,0,0,0,0,,
760,Delhi,Android,2025-08-01 15:00:00,1,1,1,0,0,0,,
761,Mumbai,Android,2025-08-01 16:00:00,1,1,1,1,1,0,,
762,Bangalore,iOS,2025-08-01 17:00:00,1,1,1,1,1,1,43.9094059828092,377.4912710787507
763,Hyderabad,Android,2025-08-01 18:00:00,1,1,1,1,1,1,35.331093830592,210.91058687412288
764,Bangalore,Android,2025-08-01 19:00:00,1,1,1,1,1,0,,
765,Hyderabad,Android,2025-08-01 20:00:00,0,0,0,0,0,0,,
766,Delhi,Android,2025-08-01 21:00:00,1,1,1,1,1,0,,
767,Hyderabad,Android,2025-08-01 22:00:00,1,0,0,0,0,0,,
768,Mumbai,Android,2025-08-01 23:00:00,0,0,0,0,0,0,,
769,Mumbai,Android,2025-08-02 00:00:00,1,1,0,0,0,0,,
770,Hyderabad,Android,2025-08-02 01:00:00,1,1,1,1,1,0,,
771,Hyderabad,Android,2025-08-02 02:00:00,1,0,0,0,0,0,,
772,Hyderabad,iOS,2025-08-02 03:00:00,0,0,0,0,0,0,,
773,Hyderabad,iOS,2025-08-02 04:00:00,1,1,1,1,1,0,,
774,Mumbai,Android,2025-08-02 05:00:00,0,0,0,0,0,0,,
775,Bangalore,Android,2025-08-02 06:00:00,0,0,0,0,0,0,,
776,Hyderabad,Android,2025-08-02 07:00:00,0,0,0,0,0,0,,
777,Hyderabad,Android,2025-08-02 08:00:00,1,1,0,0,0,0,,
778,Mumbai,iOS,2025-08-02 09:00:00,1,1,1,0,0,0,,
779,Mumbai,Android,2025-08-02 10:00:00,0,0,0,0,0,0,,
780,Delhi,Android,2025-08-02 11:00:00,0,0,0,0,0,0,,
781,Hyderabad,Android,2025-08-02 12:00:00,0,0,0,0,0,0,,
782,Delhi,iOS,2025-08-02 13:00:00,1,1,1,1,1,1,43.77883267583234,282.51215035698823
783,Mumbai,Android,2025-08-02 14:00:00,0,0,0,0,0,0,,
784,Mumbai,Android,2025-08-02 15:00:00,1,1,0,0,0,0,,
785,Bangalore,Android,2025-08-02 16:00:00,0,0,0,0,0,0,,
786,Hyderabad,Android,2025-08-02 17:00:00,1,1,1,1,1,0,,
787,Delhi,Android,2025-08-02 18:00:00,1,0,0,0,0,0,,
788,Mumbai,Android,2025-08-02 19:00:00,0,0,0,0,0,0,,
789,Mumbai,Android,2025-08-02 20:00:00,1,1,1,1,1,1,31.88078340892007,360.1033487982796
790,Delhi,Android,2025-08-02 21:00:00,0,0,0,0,0,0,,
791,Bangalore,Android,2025-08-02 22:00:00,0,0,0,0,0,0,,
792,Mumbai,Android,2025-08-02 23:00:00,1,1,1,1,1,0,,
793,Hyderabad,Android,2025-08-03 00:00:00,1,1,1,1,1,1,53.32076192716774,184.77007116378564
794,Mumbai,Android,2025-08-03 01:00:00,1,1,1,1,1,0,,
795,Hyderabad,iOS,2025-08-03 02:00:00,1,1,1,1,1,1,41.12657688750646,458.8614701319352
796,Delhi,Android,2025-08-03 03:00:00,1,1,0,0,0,0,,
797,Hyderabad,Android,2025-08-03 04:00:00,1,0,0,0,0,0,,
798,Delhi,Android,2025-08-03 05:00:00,1,1,1,1,1,0,,
799,Hyderabad,Android,2025-08-03 06:00:00,1,1,0,0,0,0,,
800,Delhi,iOS,2025-08-03 07:00:00,0,0,0,0,0,0,,
801,Hyderabad,Android,2025-08-03 08:00:00,1,1,1,1,1,1,48.90522177645469,366.30663438855777
802,Bangalore,iOS,2025-08-03 09:00:00,1,1,1,1,1,1,43.659093379148274,243.7492424489699
803,Hyderabad,Android,2025-08-03 10:00:00,0,0,0,0,0,0,,
804,Hyderabad,Android,2025-08-03 11:00:00,1,1,1,1,1,0,,
805,Bangalore,iOS,2025-08-03 12:00:00,1,1,1,1,1,1,48.65244950343942,449.56590114287025
806,Mumbai,iOS,2025-08-03 13:00:00,1,1,1,1,0,0,,
807,Mumbai,iOS,2025-08-03 14:00:00,1,1,1,1,1,0,,
808,Hyderabad,iOS,2025-08-03 15:00:00,1,1,1,0,0,0,,
809,Bangalore,Android,2025-08-03 16:00:00,1,1,0,0,0,0,,
810,Hyderabad,iOS,2025-08-03 17:00:00,1,0,0,0,0,0,,
811,Delhi,Android,2025-08-03 18:00:00,1,1,1,1,1,0,,
812,Delhi,iOS,2025-08-03 19:00:00,0,0,0,0,0,0,,
813,Hyderabad,Android,2025-08-03 20:00:00,1,1,1,1,1,1,34.97883820135955,334.21579789599167
814,Mumbai,iOS,2025-08-03 21:00:00,1,1,1,0,0,0,,
815,Mumbai,Android,2025-08-03 22:00:00,1,0,0,0,0,0,,
816,Hyderabad,Android,2025-08-03 23:00:00,1,1,1,1,1,1,37.531146034313096,377.8358166445363
817,Hyderabad,Android,2025-08-04 00:00:00,0,0,0,0,0,0,,
818,Delhi,iOS,2025-08-04 01:00:00,0,0,0,0,0,0,,
819,Mumbai,Android,2025-08-04 02:00:00,0,0,0,0,0,0,,
820,Hyderabad,Android,2025-08-04 03:00:00,1,1,1,1,1,0,,
821,Delhi,Android,2025-08-04 04:00:00,1,1,1,1,0,0,,
822,Mumbai,Android,2025-08-04 05:00:00,0,0,0,0,0,0,,
823,Bangalore,iOS,2025-08-04 06:00:00,1,1,1,1,1,1,38.16130700183379,315.01482562218723
824,Delhi,Android,2025-08-04 07:00:00,1,1,1,1,0,0,,
825,Mumbai,iOS,2025-08-04 08:00:00,1,1,1,1,0,0,,
826,Mumbai,Android,2025-08-04 09:00:00,1,1,1,1,1,1,40.00708627680522,309.62446328209734
827,Delhi,Android,2025-08-04 10:00:00,1,1,1,1,1,1,37.094015226568665,473.9936807288591
828,Bangalore,iOS,2025-08-04 11:00:00,1,1,1,1,1,1,34.05884369512015,350.0720906935976
829,Delhi,Android,2025-08-04 12:00:00,0,0,0,0,0,0,,
830,Mumbai,Android,2025-08-04 13:00:00,1,1,1,1,1,1,52.83379165046651,417.651655478099
831,Hyderabad,Android,2025-08-04 14:00:00,1,1,1,1,1,1,62.05529568265414,240.13450368779164
832,Hyderabad,iOS,2025-08-04 15:00:00,0,0,0,0,0,0,,
833,Delhi,Android,2025-08-04 16:00:00,1,1,1,1,1,1,27.409343740692538,226.3337033314935
834,Mumbai,iOS,2025-08-04 17:00:00,0,0,0,0,0,0,,
835,Hyderabad,iOS,2025-08-04 18:00:00,1,1,1,0,0,0,,
836,Mumbai,Android,2025-08-04 19:00:00,1,0,0,0,0,0,,
837,Delhi,Android,2025-08-04 20:00:00,1,1,1,1,1,1,44.88927239639029,420.3065146741102
838,Hyderabad,Android,2025-08-04 21:00:00,1,1,0,0,0,0,,
839,Mumbai,Android,2025-08-04 22:00:00,1,1,1,1,1,1,55.2892899481374,375.6957438183944
840,Hyderabad,Android,2025-08-04 23:00:00,1,0,0,0,0,0,,
841,Delhi,Android,2025-08-05 00:00:00,1,1,1,0,0,0,,
842,Mumbai,Android,2025-08-05 01:00:00,1,1,1,1,1,1,46.69808098009338,252.4759074899727
843,Hyderabad,iOS,2025-08-05 02:00:00,1,1,0,0,0,0,,
844,Delhi,iOS,2025-08-05 03:00:00,1,1,1,1,1,0,,
845,Hyderabad,iOS,2025-08-05 04:00:00,0,0,0,0,0,0,,
846,Hyderabad,Android,2025-08-05 05:00:00,1,1,1,1,0,0,,
847,Bangalore,Android,2025-08-05 06:00:00,1,1,0,0,0,0,,
848,Bangalore,Android,2025-08-05 07:00:00,1,1,1,1,1,1,38.48266241579492,439.5205235018625
849,Delhi,iOS,2025-08-05 08:00:00,1,0,0,0,0,0,,
850,Bangalore,Android,2025-08-05 09:00:00,1,1,1,1,1,1,38.71973132016762,429.51868616415203
851,Delhi,iOS,2025-08-05 10:00:00,0,0,0,0,0,0,,
852,Bangalore,Android,2025-08-05 11:00:00,1,1,0,0,0,0,,
853,Hyderabad,Android,2025-08-05 12:00:00,1,1,1,1,1,1,36.73409172549172,350.25023003171225
854,Delhi,iOS,2025-08-05 13:00:00,1,1,1,0,0,0,,
855,Delhi,Android,2025-08-05 14:00:00,0,0,0,0,0,0,,
856,Hyderabad,iOS,2025-08-05 15:00:00,1,1,1,1,1,1,35.882784188444084,312.17234554225917
857,Delhi,iOS,2025-08-05 16:00:00,1,1,1,1,0,0,,
858,Delhi,Android,2025-08-05 17:00:00,1,1,0,0,0,0,,
859,Bangalore,Android,2025-08-05 18:00:00,1,1,1,1,1,0,,
860,Delhi,Android,2025-08-05 19:00:00,1,1,1,1,1,1,20.0,229.84118118594824
861,Mumbai,iOS,2025-08-05 20:00:00,1,1,1,1,1,1,34.46031451422553,395.3163604060576
862,Hyderabad,Android,2025-08-05 21:00:00,1,0,0,0,0,0,,
863,Bangalore,Android,2025-08-05 22:00:00,1,1,1,0,0,0,,
864,Bangalore,Android,2025-08-05 23:00:00,1,1,1,0,0,0,,
865,Mumbai,iOS,2025-08-06 00:00:00,0,0,0,0,0,0,,
866,Hyderabad,Android,2025-08-06 01:00:00,0,0,0,0,0,0,,
867,Hyderabad,iOS,2025-08-06 02:00:00,1,1,1,0,0,0,,
868,Bangalore,iOS,2025-08-06 03:00:00,1,1,1,1,1,0,,
869,Delhi,Android,2025-08-06 04:00:00,0,0,0,0,0,0,,
870,Bangalore,Android,2025-08-06 05:00:00,1,1,0,0,0,0,,
871,Hyderabad,iOS,2025-08-06 06:00:00,0,0,0,0,0,0,,
872,Mumbai,Android,2025-08-06 07:00:00,0,0,0,0,0,0,,
873,Bangalore,iOS,2025-08-06 08:00:00,1,1,1,1,1,1,41.44907969330904,443.8723616238159
874,Hyderabad,Android,2025-08-06 09:00:00,1,1,0,0,0,0,,
875,Bangalore,Android,2025-08-06 10:00:00,1,1,1,1,1,1,58.57928760058249,380.69507501125264
876,Delhi,iOS,2025-08-06 11:00:00,1,1,1,1,0,0,,
877,Bangalore,Android,2025-08-06 12:00:00,1,1,0,0,0,0,,
878,Bangalore,Android,2025-08-06 13:00:00,1,1,1,1,1,0,,
879,Hyderabad,Android,2025-08-06 14:00:00,1,1,1,0,0,0,,
880,Hyderabad,Android,2025-08-06 15:00:00,0,0,0,0,0,0,,
881,Hyderabad,Android,2025-08-06 16:00:00,1,1,1,1,1,1,33.31248286422455,200.16310145341643
882,Bangalore,Android,2025-08-06 17:00:00,1,1,0,0,0,0,,
883,Delhi,iOS,2025-08-06 18:00:00,1,0,0,0,0,0,,
884,Mumbai,Android,2025-08-06 19:00:00,1,1,1,0,0,0,,
885,Mumbai,Android,2025-08-06 20:00:00,1,0,0,0,0,0,,
886,Hyderabad,Android,2025-08-06 21:00:00,1,0,0,0,0,0,,
887,Hyderabad,iOS,2025-08-06 22:00:00,0,0,0,0,0,0,,
888,Bangalore,Android,2025-08-06 23:00:00,1,0,0,0,0,0,,
889,Mumbai,iOS,2025-08-07 00:00:00,1,1,0,0,0,0,,
890,Hyderabad,Android,2025-08-07 01:00:00,1,1,1,0,0,0,,
891,Delhi,Android,2025-08-07 02:00:00,1,0,0,0,0,0,,
892,Delhi,Android,2025-08-07 03:00:00,1,1,1,1,1,1,26.399453455823988,372.62633165688084
893,Hyderabad,Android,2025-08-07 04:00:00,0,0,0,0,0,0,,
894,Hyderabad,Android,2025-08-07 05:00:00,1,1,1,1,1,0,,
895,Mumbai,Android,2025-08-07 06:00:00,1,0,0,0,0,0,,
896,Mumbai,iOS,2025-08-07 07:00:00,1,1,1,1,1,0,,
897,Bangalore,Android,2025-08-07 08:00:00,1,0,0,0,0,0,,
898,Mumbai,Android,2025-08-07 09:00:00,1,1,0,0,0,0,,
899,Delhi,Android,2025-08-07 10:00:00,1,1,1,1,0,0,,
900,Delhi,iOS,2025-08-07 11:00:00,0,0,0,0,0,0,,
901,Hyderabad,Android,2025-08-07 12:00:00,1,1,0,0,0,0,,
902,Mumbai,Android,2025-08-07 13:00:00,1,0,0,0,0,0,,
903,Bangalore,Android,2025-08-07 14:00:00,1,1,1,1,1,0,,
904,Delhi,iOS,2025-08-07 15:00:00,0,0,0,0,0,0,,
905,Delhi,Android,2025-08-07 16:00:00,1,1,1,1,1,0,,
906,Bangalore,Android,2025-08-07 17:00:00,1,1,1,1,0,0,,
907,Bangalore,iOS,2025-08-07 18:00:00,1,1,1,0,0,0,,
908,Delhi,iOS,2025-08-07 19:00:00,0,0,0,0,0,0,,
909,Delhi,Android,2025-08-07 20:00:00,1,1,1,1,1,1,46.66706060858609,279.7342254883349
910,Bangalore,iOS,2025-08-07 21:00:00,1,1,1,1,0,0,,
911,Delhi,Android,2025-08-07 22:00:00,0,0,0,0,0,0,,
912,Hyderabad,Android,2025-08-07 23:00:00,1,1,1,0,0,0,,
913,Hyderabad,Android,2025-08-08 00:00:00,1,1,0,0,0,0,,
914,Bangalore,Android,2025-08-08 01:00:00,1,1,1,0,0,0,,
915,Mumbai,Android,2025-08-08 02:00:00,0,0,0,0,0,0,,
916,Bangalore,iOS,2025-08-08 03:00:00,1,0,0,0,0,0,,
917,Bangalore,Android,2025-08-08 04:00:00,1,0,0,0,0,0,,
918,Mumbai,Android,2025-08-08 05:00:00,1,0,0,0,0,0,,
919,Mumbai,Android,2025-08-08 06:00:00,1,1,0,0,0,0,,
920,Mumbai,iOS,2025-08-08 07:00:00,1,1,1,1,1,1,27.37950976783665,422.8345213069543
921,Hyderabad,Android,2025-08-08 08:00:00,1,0,0,0,0,0,,
922,Delhi,Android,2025-08-08 09:00:00,0,0,0,0,0,0,,
923,Hyderabad,Android,2025-08-08 10:00:00,1,1,1,1,1,1,45.08485556147374,322.111636252683
924,Delhi,Android,2025-08-08 11:00:00,1,1,1,0,0,0,,
925,Hyderabad,iOS,2025-08-08 12:00:00,1,1,1,1,1,1,42.324866184193674,314.5231478841236
926,Delhi,iOS,2025-08-08 13:00:00,1,1,1,1,1,1,49.01496533142732,360.9340576340909
927,Hyderabad,Android,2025-08-08 14:00:00,1,1,1,1,1,1,35.30754162337344,479.5827071772692
928,Mumbai,iOS,2025-08-08 15:00:00,1,1,1,1,1,1,40.298669232578256,406.6425027987766
929,Bangalore,Android,2025-08-08 16:00:00,1,1,0,0,0,0,,
930,Hyderabad,iOS,2025-08-08 17:00:00,1,1,1,1,1,1,23.865841473475143,350.5635830296853
931,Delhi,Android,2025-08-08 18:00:00,0,0,0,0,0,0,,
932,Mumbai,Android,2025-08-08 19:00:00,1,1,1,1,1,1,60.5727186499401,215.6529720470442
933,Hyderabad,Android,2025-08-08 20:00:00,1,1,1,1,1,1,31.2620537875881,425.0692795128987
934,Hyderabad,Android,2025-08-08 21:00:00,1,1,1,1,1,0,,
935,Mumbai,Android,2025-08-08 22:00:00,1,0,0,0,0,0,,
936,Hyderabad,Android,2025-08-08 23:00:00,0,0,0,0,0,0,,
937,Bangalore,Android,2025-08-09 00:00:00,1,1,1,1,1,0,,
938,Hyderabad,iOS,2025-08-09 01:00:00,1,1,1,1,1,1,34.79561014607889,365.9608247400831
939,Bangalore,Android,2025-08-09 02:00:00,1,1,0,0,0,0,,
940,Bangalore,Android,2025-08-09 03:00:00,1,0,0,0,0,0,,
941,Mumbai,iOS,2025-08-09 04:00:00,1,1,1,1,1,1,33.35795656053769,503.83304390525524
942,Hyderabad,Android,2025-08-09 05:00:00,1,1,0,0,0,0,,
943,Mumbai,Android,2025-08-09 06:00:00,1,1,0,0,0,0,,
944,Hyderabad,Android,2025-08-09 07:00:00,1,0,0,0,0,0,,
945,Hyderabad,iOS,2025-08-09 08:00:00,1,1,1,0,0,0,,
946,Delhi,Android,2025-08-09 09:00:00,1,0,0,0,0,0,,
947,Hyderabad,Android,2025-08-09 10:00:00,1,1,1,1,1,1,36.74269544749553,426.1672186295002
948,Mumbai,iOS,2025-08-09 11:00:00,1,1,1,1,0,0,,
949,Bangalore,iOS,2025-08-09 12:00:00,1,0,0,0,0,0,,
950,Hyderabad,Android,2025-08-09 13:00:00,1,1,1,1,0,0,,
951,Delhi,Android,2025-08-09 14:00:00,1,1,1,1,1,1,49.399808180928204,315.8690153790152
952,Mumbai,Android,2025-08-09 15:00:00,1,0,0,0,0,0,,
953,Hyderabad,iOS,2025-08-09 16:00:00,1,1,1,1,1,1,27.296205287915956,416.25625498799195
954,Mumbai,Android,2025-08-09 17:00:00,1,0,0,0,0,0,,
955,Delhi,Android,2025-08-09 18:00:00,1,0,0,0,0,0,,
956,Delhi,iOS,2025-08-09 19:00:00,0,0,0,0,0,0,,
957,Mumbai,Android,2025-08-09 20:00:00,1,1,1,1,1,1,41.42949610115389,242.79419381569602
958,Hyderabad,Android,2025-08-09 21:00:00,1,1,1,1,1,0,,
959,Bangalore,Android,2025-08-09 22:00:00,1,1,1,0,0,0,,
960,Delhi,Android,2025-08-09 23:00:00,1,1,1,0,0,0,,
961,Hyderabad,Android,2025-08-10 00:00:00,1,1,1,1,1,1,33.07134876527988,305.5566707077083
962,Hyderabad,Android,2025-08-10 01:00:00,0,0,0,0,0,0,,
963,Bangalore,Android,2025-08-10 02:00:00,0,0,0,0,0,0,,
964,Delhi,Android,2025-08-10 03:00:00,1,1,0,0,0,0,,
965,Delhi,iOS,2025-08-10 04:00:00,1,1,0,0,0,0,,
966,Hyderabad,Android,2025-08-10 05:00:00,1,0,0,0,0,0,,
967,Hyderabad,iOS,2025-08-10 06:00:00,0,0,0,0,0,0,,
968,Bangalore,Android,2025-08-10 07:00:00,0,0,0,0,0,0,,
969,Bangalore,iOS,2025-08-10 08:00:00,1,0,0,0,0,0,,
970,Delhi,iOS,2025-08-10 09:00:00,0,0,0,0,0,0,,
971,Mumbai,Android,2025-08-10 10:00:00,1,1,1,1,0,0,,
972,Delhi,iOS,2025-08-10 11:00:00,1,1,1,1,1,0,,
973,Hyderabad,iOS,2025-08-10 12:00:00,1,0,0,0,0,0,,
974,Delhi,Android,2025-08-10 13:00:00,1,1,1,1,1,1,42.214933071328325,380.28832767193023
975,Mumbai,Android,2025-08-10 14:00:00,1,1,1,1,1,1,40.864301890875424,389.84480455120007
976,Bangalore,Android,2025-08-10 15:00:00,1,1,0,0,0,0,,
977,Mumbai,iOS,2025-08-10 16:00:00,1,1,1,1,1,1,44.91915538151387,420.3313061457592
978,Mumbai,iOS,2025-08-10 17:00:00,1,1,1,0,0,0,,
979,Mumbai,iOS,2025-08-10 18:00:00,0,0,0,0,0,0,,
980,Bangalore,Android,2025-08-10 19:00:00,1,1,1,0,0,0,,
981,Mumbai,iOS,2025-08-10 20:00:00,1,1,1,0,0,0,,
982,Mumbai,Android,2025-08-10 21:00:00,1,1,1,1,1,1,41.82538096882676,372.7991163709061
983,Mumbai,Android,2025-08-10 22:00:00,1,0,0,0,0,0,,
984,Hyderabad,Android,2025-08-10 23:00:00,1,1,1,1,1,1,37.22946899720909,239.89669141163557
985,Mumbai,Android,2025-08-11 00:00:00,0,0,0,0,0,0,,
986,Bangalore,Android,2025-08-11 01:00:00,1,1,1,1,0,0,,
987,Mumbai,Android,2025-08-11 02:00:00,1,1,0,0,0,0,,
988,Mumbai,Android,2025-08-11 03:00:00,1,1,0,0,0,0,,
989,Bangalore,Android,2025-08-11 04:00:00,1,1,1,1,0,0,,
990,Mumbai,Android,2025-08-11 05:00:00,0,0,0,0,0,0,,
991,Bangalore,Android,2025-08-11 06:00:00,1,1,1,0,0,0,,
992,Mumbai,Android,2025-08-11 07:00:00,1,1,1,1,0,0,,
993,Bangalore,Android,2025-08-11 08:00:00,1,1,1,1,1,1,48.06365424657709,263.115392168157
994,Mumbai,Android,2025-08-11 09:00:00,1,1,1,1,1,1,33.99488981814836,456.37739837855764
995,Mumbai,Android,2025-08-11 10:00:00,1,1,0,0,0,0,,
996,Hyderabad,Android,2025-08-11 11:00:00,1,1,1,1,1,1,33.281325891161714,395.3254501285771
997,Hyderabad,Android,2025-08-11 12:00:00,1,1,1,1,1,0,,
998,Mumbai,Android,2025-08-11 13:00:00,1,1,1,1,1,1,51.907461160252474,388.5469775033526
999,Mumbai,Android,2025-08-11 14:00:00,1,1,1,0,0,0,,
1000,Delhi,iOS,2025-08-11 15:00:00,1,1,0,0,0,0,,
